n_estimators,max_depth,min_samples_split,min_samples_leaf,class_weight,Precision nivel1,Precision nivel2,Precision nivel3,Precision nivel4,Recall nivel1,Recall nivel2,Recall nivel3,Recall nivel4,Drugs that have at least one match
100,20,2,1,None,0.3879668049792533,0.5253623188405798,0.6558333333333334,0.5485232067510549,0.6578492392807747,0.6180124223602484,0.7775,0.6550632911392406,"[322, 200, 158, 104]"
50,20,2,2,balanced,0.25380359612724723,0.43410852713178294,0.4659090909090909,0.38235294117647056,0.5217842323651453,0.5087209302325582,0.5113636363636364,0.45588235294117646,"[258, 132, 68, 32]"
100,40,2,2,balanced,0.3174273858921161,0.47960372960372954,0.5450980392156863,0.5122324159021406,0.5821230982019363,0.5926573426573427,0.6352941176470588,0.6055045871559633,"[286, 170, 109, 66]"
500,40,5,1,balanced,0.32710926694329195,0.4844290657439446,0.6276190476190476,0.5989583333333333,0.5899031811894884,0.6020761245674741,0.7228571428571429,0.68359375,"[289, 175, 128, 88]"
50,40,2,2,None,0.37551867219917023,0.5396039603960394,0.6209935897435896,0.5215419501133787,0.614972337482711,0.6826182618261827,0.7019230769230769,0.6122448979591837,"[303, 208, 147, 90]"
100,None,2,1,None,0.39038727524204725,0.5505208333333332,0.6426282051282051,0.553125,0.655255878284924,0.6447916666666667,0.7596153846153846,0.66875,"[320, 208, 160, 108]"
500,None,5,2,balanced,0.31466113416320823,0.45131729667812154,0.5770833333333334,0.4858490566037736,0.5973374827109267,0.5463917525773195,0.646875,0.5990566037735849,"[291, 160, 106, 64]"
500,None,5,1,balanced,0.30359612724757934,0.46223021582733814,0.6029723991507431,0.5887850467289719,0.5670816044260029,0.5593525179856115,0.6719745222929936,0.7009345794392523,"[278, 157, 107, 75]"
50,40,5,1,balanced,0.3139695712309821,0.5287769784172662,0.6379310344827587,0.5465116279069767,0.5665629322268326,0.6163069544364509,0.7327586206896551,0.6317829457364341,"[278, 174, 129, 82]"
50,None,5,2,balanced,0.29598893499308415,0.4904761904761905,0.593167701863354,0.5357142857142858,0.5705394190871369,0.5732142857142857,0.6894409937888198,0.6160714285714286,"[280, 161, 112, 69]"
500,40,2,2,None,0.36445366528354084,0.5227272727272726,0.6365159128978225,0.518018018018018,0.6275933609958505,0.6444805194805194,0.7361809045226131,0.6013513513513513,"[308, 199, 148, 90]"
500,None,2,1,balanced,0.344398340248963,0.5584415584415584,0.6180904522613065,0.5305164319248826,0.6298409405255879,0.636904761904762,0.7060301507537688,0.6373239436619719,"[308, 199, 142, 91]"
500,20,5,2,None,0.3644536652835405,0.4950980392156863,0.6721311475409838,0.5,0.6267289073305672,0.5964052287581699,0.7814207650273224,0.59375,"[306, 183, 144, 86]"
50,20,2,1,None,0.3796680497925314,0.5603632478632478,0.6441223832528179,0.55175983436853,0.6355463347164592,0.6618589743589743,0.7705314009661836,0.6780538302277432,"[312, 207, 161, 110]"
500,20,5,2,balanced,0.2544951590594738,0.41055341055341055,0.5521628498727736,0.36075949367088606,0.52783540802213,0.4980694980694981,0.5954198473282443,0.4240506329113924,"[259, 131, 79, 34]"
100,20,5,1,balanced,0.25172890733056674,0.4493589743589743,0.5634328358208955,0.3869047619047619,0.5271438450899032,0.5044871794871796,0.6119402985074627,0.43452380952380953,"[260, 134, 84, 37]"
50,40,5,2,None,0.4073305670816046,0.5103199174406605,0.570754716981132,0.4965753424657534,0.6611341632088521,0.6522187822497421,0.6839622641509434,0.571917808219178,"[323, 212, 146, 84]"
100,None,5,1,None,0.38520055325034624,0.5317204301075269,0.6446078431372549,0.47111111111111126,0.6334716459197787,0.6548387096774193,0.7279411764705882,0.6466666666666666,"[310, 204, 150, 97]"
50,None,5,1,None,0.37206085753803636,0.5163934426229507,0.6050347222222222,0.5591787439613527,0.6218879668049793,0.6254098360655738,0.7057291666666666,0.6884057971014492,"[305, 192, 138, 95]"
100,20,5,2,None,0.3755186721991699,0.5413907284768211,0.6053067993366501,0.5195402298850575,0.617911479944675,0.6583885209713024,0.7139303482587065,0.6241379310344828,"[302, 201, 145, 91]"
50,40,2,2,balanced,0.3388658367911482,0.5155555555555555,0.5421146953405018,0.5138888888888888,0.608921161825726,0.6183333333333333,0.6397849462365591,0.6083333333333333,"[300, 186, 120, 74]"
500,None,5,2,None,0.3734439834024895,0.49680511182108605,0.6397569444444445,0.45803357314148685,0.6360650069156293,0.610223642172524,0.7161458333333334,0.5899280575539568,"[313, 192, 139, 83]"
500,40,5,2,balanced,0.30359612724757956,0.48606271777003496,0.6051587301587302,0.4626436781609195,0.585926694329184,0.5842044134727061,0.6875,0.5172413793103449,"[287, 168, 116, 61]"
50,40,5,2,balanced,0.291839557399723,0.4920924574209246,0.5881104033970276,0.4544025157232704,0.5579183955739971,0.5693430656934306,0.6656050955414012,0.5613207547169812,"[274, 157, 106, 60]"
100,None,2,2,None,0.37136929460580925,0.47929936305732485,0.6117117117117117,0.5199004975124379,0.6436721991701244,0.5843949044585988,0.7162162162162162,0.6156716417910447,"[314, 185, 134, 83]"
50,20,2,1,balanced,0.29944674965421836,0.47758620689655173,0.5958083832335329,0.43787878787878787,0.5912863070539419,0.574712643678161,0.6497005988023952,0.509090909090909,"[290, 167, 110, 57]"
500,40,5,2,None,0.35822959889349926,0.49886234357224113,0.6108058608058607,0.5252525252525253,0.5964730290456431,0.6177474402730375,0.717032967032967,0.6363636363636364,"[293, 182, 132, 84]"
50,None,2,2,None,0.37136929460580903,0.5158469945355193,0.6202749140893471,0.494212962962963,0.623789764868603,0.6327868852459017,0.7371134020618557,0.6041666666666666,"[305, 194, 144, 88]"
50,20,2,2,None,0.38658367911479946,0.5104166666666667,0.5695142378559463,0.5318627450980392,0.6536998616874137,0.6171875,0.6809045226130653,0.6507352941176471,"[320, 199, 136, 89]"
50,None,5,2,None,0.3568464730290458,0.4967426710097719,0.6077898550724639,0.5025062656641605,0.6277662517289074,0.5971769815418023,0.7228260869565217,0.6127819548872181,"[307, 184, 133, 82]"
100,40,5,2,None,0.3692946058091287,0.48862343572241207,0.6335174953959486,0.4852941176470588,0.5949170124481328,0.6177474402730375,0.7430939226519337,0.5955882352941176,"[293, 181, 136, 82]"
500,20,5,1,balanced,0.28215767634854744,0.45788206979542717,0.5120614035087719,0.45294117647058824,0.5624135546334716,0.5469314079422383,0.555921052631579,0.49411764705882355,"[277, 152, 85, 43]"
100,40,5,1,None,0.3858921161825727,0.5186335403726708,0.6353135313531352,0.5187637969094923,0.6526625172890733,0.6273291925465838,0.7425742574257426,0.6456953642384106,"[322, 202, 151, 98]"
50,None,5,1,balanced,0.32434301521438463,0.48442906574394473,0.5799220272904484,0.510233918128655,0.5886929460580913,0.5865051903114187,0.6608187134502924,0.618421052631579,"[289, 171, 114, 71]"
500,40,2,1,None,0.4104426002766255,0.5009861932938857,0.6445497630331753,0.5548523206751055,0.6870677731673582,0.6198224852071006,0.7440758293838863,0.680379746835443,"[338, 211, 158, 108]"
100,40,5,1,balanced,0.32434301521438436,0.5077007700770075,0.5525846702317291,0.5179063360881543,0.6177385892116184,0.6138613861386139,0.6390374331550802,0.6074380165289256,"[303, 187, 121, 74]"
100,None,5,2,balanced,0.31189488243430147,0.46018202502844147,0.5652173913043478,0.5496794871794872,0.5950899031811896,0.5409556313993175,0.6366459627329193,0.6730769230769231,"[293, 161, 104, 70]"
100,20,5,1,None,0.3831258644536653,0.49585921325051774,0.6751269035532993,0.4838709677419355,0.656984785615491,0.6066252587991718,0.7817258883248731,0.5967741935483871,"[322, 197, 155, 93]"
100,None,5,2,None,0.37413554633471674,0.4940282301845819,0.6181657848324514,0.5527577937649881,0.628630705394191,0.6091205211726385,0.7222222222222222,0.6366906474820144,"[307, 189, 139, 89]"
50,40,2,1,balanced,0.37482710926694346,0.51619644723093,0.6442786069651741,0.5461711711711711,0.6545643153526972,0.624869383490073,0.7263681592039801,0.6790540540540541,"[319, 201, 148, 101]"
100,None,5,1,balanced,0.30497925311203333,0.5049566294919455,0.6094069529652353,0.551622418879056,0.5458160442600276,0.604089219330855,0.6840490797546013,0.6902654867256637,"[269, 163, 113, 78]"
100,None,2,1,balanced,0.3506224066390043,0.5176017601760176,0.6500872600349039,0.6087470449172576,0.6213692946058091,0.6287128712871287,0.7303664921465969,0.7198581560283688,"[303, 191, 141, 102]"
100,20,2,1,balanced,0.28492392807745476,0.4944029850746269,0.5559071729957805,0.3831615120274914,0.5466804979253111,0.5808457711442787,0.6075949367088608,0.4690721649484536,"[268, 158, 97, 46]"
500,40,2,1,balanced,0.3336791147994465,0.5540540540540538,0.6252158894645943,0.5555555555555556,0.6035615491009682,0.6475225225225225,0.727979274611399,0.6453900709219859,"[296, 193, 141, 92]"
100,40,2,1,balanced,0.3544260027662517,0.563465783664459,0.6094276094276095,0.6190476190476191,0.6156639004149379,0.6539735099337748,0.7323232323232324,0.7482993197278912,"[302, 198, 147, 110]"
50,20,5,2,None,0.3817427385892115,0.514705882352941,0.5910652920962199,0.5263788968824941,0.625,0.6315359477124183,0.7087628865979382,0.6402877697841727,"[306, 194, 139, 89]"
50,40,2,1,None,0.3810511756569854,0.5643086816720257,0.6555023923444977,0.5528455284552845,0.6348547717842323,0.6704180064308681,0.7727272727272727,0.6859756097560976,"[311, 209, 164, 113]"
100,40,5,2,balanced,0.3029045643153524,0.4501173708920188,0.5668859649122806,0.531986531986532,0.577627939142462,0.5316901408450704,0.631578947368421,0.6363636363636364,"[284, 152, 99, 63]"
50,20,5,1,None,0.3858921161825728,0.5188172043010753,0.6079931972789115,0.5539568345323741,0.6348547717842323,0.6274193548387097,0.701530612244898,0.6690647482014388,"[310, 196, 139, 93]"
500,20,2,1,balanced,0.2952973720608574,0.45970695970695963,0.6122222222222222,0.375,0.5523858921161826,0.5457875457875457,0.6933333333333334,0.46634615384615385,"[273, 150, 104, 49]"
