n_estimators,max_depth,min_samples_split,min_samples_leaf,class_weight,Precision nivel1,Precision nivel2,Precision nivel3,Precision nivel4,Recall nivel1,Recall nivel2,Recall nivel3,Recall nivel4,Drugs that have at least one match,F1 nivel1
500,40,2,1,None,0.4104426002766255,0.5009861932938857,0.6445497630331753,0.5548523206751055,0.6870677731673582,0.6198224852071006,0.7440758293838863,0.680379746835443,"[338, 211, 158, 108]",0.5138937912726241
50,40,5,2,None,0.4073305670816046,0.5103199174406605,0.570754716981132,0.4965753424657534,0.6611341632088521,0.6522187822497421,0.6839622641509434,0.571917808219178,"[323, 212, 146, 84]",0.5040880545372349
100,None,2,1,None,0.3903872752420472,0.5505208333333332,0.6426282051282051,0.553125,0.655255878284924,0.6447916666666667,0.7596153846153846,0.66875,"[320, 208, 160, 108]",0.48927505726433823
100,20,2,1,None,0.3879668049792533,0.5253623188405798,0.6558333333333334,0.5485232067510549,0.6578492392807747,0.6180124223602484,0.7775,0.6550632911392406,"[322, 200, 158, 104]",0.4880852018337109
50,20,2,2,None,0.3865836791147994,0.5104166666666667,0.5695142378559463,0.5318627450980392,0.6536998616874137,0.6171875,0.6809045226130653,0.6507352941176471,"[320, 199, 136, 89]",0.485847728347368
100,40,5,1,None,0.3858921161825727,0.5186335403726708,0.6353135313531352,0.5187637969094923,0.6526625172890733,0.6273291925465838,0.7425742574257426,0.6456953642384106,"[322, 202, 151, 98]",0.4850150619574536
100,20,5,1,None,0.3831258644536653,0.4958592132505177,0.6751269035532993,0.4838709677419355,0.656984785615491,0.6066252587991718,0.7817258883248731,0.5967741935483871,"[322, 197, 155, 93]",0.4840020894029016
50,20,5,1,None,0.3858921161825728,0.5188172043010753,0.6079931972789115,0.5539568345323741,0.6348547717842323,0.6274193548387097,0.701530612244898,0.6690647482014388,"[310, 196, 139, 93]",0.4800121445197856
100,None,5,1,None,0.3852005532503462,0.5317204301075269,0.6446078431372549,0.4711111111111112,0.6334716459197787,0.6548387096774193,0.7279411764705882,0.6466666666666666,"[310, 204, 150, 97]",0.4790817471518221
50,40,2,1,balanced,0.3748271092669434,0.51619644723093,0.6442786069651741,0.5461711711711711,0.6545643153526972,0.624869383490073,0.7263681592039801,0.6790540540540541,"[319, 201, 148, 101]",0.47668640768715065
50,40,2,1,None,0.3810511756569854,0.5643086816720257,0.6555023923444977,0.5528455284552845,0.6348547717842323,0.6704180064308681,0.7727272727272727,0.6859756097560976,"[311, 209, 164, 113]",0.4762491208347343
50,20,2,1,None,0.3796680497925314,0.5603632478632478,0.6441223832528179,0.55175983436853,0.6355463347164592,0.6618589743589743,0.7705314009661836,0.6780538302277432,"[312, 207, 161, 110]",0.4753609506257987
50,20,5,2,None,0.3817427385892115,0.514705882352941,0.5910652920962199,0.5263788968824941,0.625,0.6315359477124183,0.7087628865979382,0.6402877697841727,"[306, 194, 139, 89]",0.47398248325605347
100,None,2,2,None,0.3713692946058092,0.4792993630573248,0.6117117117117117,0.5199004975124379,0.6436721991701244,0.5843949044585988,0.7162162162162162,0.6156716417910447,"[314, 185, 134, 83]",0.47099570220317755
500,None,5,2,None,0.3734439834024895,0.496805111821086,0.6397569444444445,0.4580335731414868,0.6360650069156293,0.610223642172524,0.7161458333333334,0.5899280575539568,"[313, 192, 139, 83]",0.47059442196874773
100,None,5,2,None,0.3741355463347167,0.4940282301845819,0.6181657848324514,0.5527577937649881,0.628630705394191,0.6091205211726385,0.7222222222222222,0.6366906474820144,"[307, 189, 139, 89]",0.4690885677493205
100,20,5,2,None,0.3755186721991699,0.5413907284768211,0.6053067993366501,0.5195402298850575,0.617911479944675,0.6583885209713024,0.7139303482587065,0.6241379310344828,"[302, 201, 145, 91]",0.4671436597423716
50,40,2,2,None,0.3755186721991702,0.5396039603960394,0.6209935897435896,0.5215419501133787,0.614972337482711,0.6826182618261827,0.7019230769230769,0.6122448979591837,"[303, 208, 147, 90]",0.4663012452478437
50,None,5,1,None,0.3720608575380363,0.5163934426229507,0.6050347222222222,0.5591787439613527,0.6218879668049793,0.6254098360655738,0.7057291666666666,0.6884057971014492,"[305, 192, 138, 95]",0.46557763248019346
50,None,2,2,None,0.371369294605809,0.5158469945355193,0.6202749140893471,0.494212962962963,0.623789764868603,0.6327868852459017,0.7371134020618557,0.6041666666666666,"[305, 194, 144, 88]",0.46556650970735197
500,40,2,2,None,0.3644536652835408,0.5227272727272726,0.6365159128978225,0.518018018018018,0.6275933609958505,0.6444805194805194,0.7361809045226131,0.6013513513513513,"[308, 199, 148, 90]",0.46112471417889617
500,20,5,2,None,0.3644536652835405,0.4950980392156863,0.6721311475409838,0.5,0.6267289073305672,0.5964052287581699,0.7814207650273224,0.59375,"[306, 183, 144, 86]",0.46089116924920104
100,40,5,2,None,0.3692946058091287,0.488623435722412,0.6335174953959486,0.4852941176470588,0.5949170124481328,0.6177474402730375,0.7430939226519337,0.5955882352941176,"[293, 181, 136, 82]",0.455708351654729
50,None,5,2,None,0.3568464730290458,0.4967426710097719,0.6077898550724639,0.5025062656641605,0.6277662517289074,0.5971769815418023,0.7228260869565217,0.6127819548872181,"[307, 184, 133, 82]",0.4550340802698737
100,40,2,1,balanced,0.3544260027662517,0.563465783664459,0.6094276094276095,0.6190476190476191,0.6156639004149379,0.6539735099337748,0.7323232323232324,0.7482993197278912,"[302, 198, 147, 110]",0.44987025337751646
100,None,2,1,balanced,0.3506224066390043,0.5176017601760176,0.6500872600349039,0.6087470449172576,0.6213692946058091,0.6287128712871287,0.7303664921465969,0.7198581560283688,"[303, 191, 141, 102]",0.4482877728426117
500,40,5,2,None,0.3582295988934992,0.4988623435722411,0.6108058608058607,0.5252525252525253,0.5964730290456431,0.6177474402730375,0.717032967032967,0.6363636363636364,"[293, 182, 132, 84]",0.44762481571263035
500,None,2,1,balanced,0.344398340248963,0.5584415584415584,0.6180904522613065,0.5305164319248826,0.6298409405255879,0.636904761904762,0.7060301507537688,0.6373239436619719,"[308, 199, 142, 91]",0.4453036924674257
50,40,2,2,balanced,0.3388658367911482,0.5155555555555555,0.5421146953405018,0.5138888888888888,0.608921161825726,0.6183333333333333,0.6397849462365591,0.6083333333333333,"[300, 186, 120, 74]",0.4354197289961414
500,40,2,1,balanced,0.3336791147994465,0.5540540540540538,0.6252158894645943,0.5555555555555556,0.6035615491009682,0.6475225225225225,0.727979274611399,0.6453900709219859,"[296, 193, 141, 92]",0.42976343470388045
100,40,5,1,balanced,0.3243430152143843,0.5077007700770075,0.5525846702317291,0.5179063360881543,0.6177385892116184,0.6138613861386139,0.6390374331550802,0.6074380165289256,"[303, 187, 121, 74]",0.42535422769719045
500,40,5,1,balanced,0.3271092669432919,0.4844290657439446,0.6276190476190476,0.5989583333333333,0.5899031811894884,0.6020761245674741,0.7228571428571429,0.68359375,"[289, 175, 128, 88]",0.4208509874851101
50,None,5,1,balanced,0.3243430152143846,0.4844290657439447,0.5799220272904484,0.510233918128655,0.5886929460580913,0.5865051903114187,0.6608187134502924,0.618421052631579,"[289, 171, 114, 71]",0.41824956137283825
500,None,5,2,balanced,0.3146611341632082,0.4513172966781215,0.5770833333333334,0.4858490566037736,0.5973374827109267,0.5463917525773195,0.646875,0.5990566037735849,"[291, 160, 106, 64]",0.41219117290384266
100,40,2,2,balanced,0.3174273858921161,0.4796037296037295,0.5450980392156863,0.5122324159021406,0.5821230982019363,0.5926573426573427,0.6352941176470588,0.6055045871559633,"[286, 170, 109, 66]",0.410831446588028
100,None,5,2,balanced,0.3118948824343014,0.4601820250284414,0.5652173913043478,0.5496794871794872,0.5950899031811896,0.5409556313993175,0.6366459627329193,0.6730769230769231,"[293, 161, 104, 70]",0.40928028415511464
50,40,5,1,balanced,0.3139695712309821,0.5287769784172662,0.6379310344827587,0.5465116279069767,0.5665629322268326,0.6163069544364509,0.7327586206896551,0.6317829457364341,"[278, 174, 129, 82]",0.4040362399072956
500,40,5,2,balanced,0.3035961272475795,0.4860627177700349,0.6051587301587302,0.4626436781609195,0.585926694329184,0.5842044134727061,0.6875,0.5172413793103449,"[287, 168, 116, 61]",0.3999561808521077
50,20,2,1,balanced,0.2994467496542183,0.4775862068965517,0.5958083832335329,0.4378787878787878,0.5912863070539419,0.574712643678161,0.6497005988023952,0.509090909090909,"[290, 167, 110, 57]",0.39755740831421854
100,40,5,2,balanced,0.3029045643153524,0.4501173708920188,0.5668859649122806,0.531986531986532,0.577627939142462,0.5316901408450704,0.631578947368421,0.6363636363636364,"[284, 152, 99, 63]",0.3974098367868026
500,None,5,1,balanced,0.3035961272475793,0.4622302158273381,0.6029723991507431,0.5887850467289719,0.5670816044260029,0.5593525179856115,0.6719745222929936,0.7009345794392523,"[278, 157, 107, 75]",0.39547072969502
100,None,5,1,balanced,0.3049792531120333,0.5049566294919455,0.6094069529652353,0.551622418879056,0.5458160442600276,0.604089219330855,0.6840490797546013,0.6902654867256637,"[269, 163, 113, 78]",0.39131050683791463
50,None,5,2,balanced,0.2959889349930841,0.4904761904761905,0.593167701863354,0.5357142857142858,0.5705394190871369,0.5732142857142857,0.6894409937888198,0.6160714285714286,"[280, 161, 112, 69]",0.3897699463197038
500,20,2,1,balanced,0.2952973720608574,0.4597069597069596,0.6122222222222222,0.375,0.5523858921161826,0.5457875457875457,0.6933333333333334,0.4663461538461538,"[273, 150, 104, 49]",0.38485625279805813
50,40,5,2,balanced,0.291839557399723,0.4920924574209246,0.5881104033970276,0.4544025157232704,0.5579183955739971,0.5693430656934306,0.6656050955414012,0.5613207547169812,"[274, 157, 106, 60]",0.38322126214807994
500,20,5,1,balanced,0.2821576763485474,0.4578820697954271,0.5120614035087719,0.4529411764705882,0.5624135546334716,0.5469314079422383,0.555921052631579,0.4941176470588235,"[277, 152, 85, 43]",0.3757866616834493
100,20,2,1,balanced,0.2849239280774547,0.4944029850746269,0.5559071729957805,0.3831615120274914,0.5466804979253111,0.5808457711442787,0.6075949367088608,0.4690721649484536,"[268, 158, 97, 46]",0.3746068443163876
500,20,5,2,balanced,0.2544951590594738,0.4105534105534105,0.5521628498727736,0.360759493670886,0.52783540802213,0.4980694980694981,0.5954198473282443,0.4240506329113924,"[259, 131, 79, 34]",0.3434137991640106
50,20,2,2,balanced,0.2538035961272472,0.4341085271317829,0.4659090909090909,0.3823529411764705,0.5217842323651453,0.5087209302325582,0.5113636363636364,0.4558823529411764,"[258, 132, 68, 32]",0.34149766077219457
100,20,5,1,balanced,0.2517289073305667,0.4493589743589743,0.5634328358208955,0.3869047619047619,0.5271438450899032,0.5044871794871796,0.6119402985074627,0.4345238095238095,"[260, 134, 84, 37]",0.3407420370481235
